EBI,df88f39f-01a8-4b5b-92f4-3177d6c0f242
EBI,cc35f94e-e93b-4dbd-a08c-702978d9046f
EBI,bfaedc29-fe84-4e72-a461-75dc8aabbd1b
EBI,74493e98-44fc-48b0-a58f-cc7e77268b59
EBI,326b36bd-0975-475f-983b-56ddb8f73a4d
EBI,a27dd619-25ad-46a0-ae0c-5c4940a1139b
EBI,4d9d56e4-610d-4748-b57d-f8315e3f53a3
EBI,990d251f-6dab-4a98-a2b6-6cfe7e4708b9
EBI,dcbb50d1-9acf-4f70-9fda-b1f63a948c49
EBI,7c599029-7a3c-4b5c-8e79-e72c9a9a65fe
EBI,415eb773-cadb-43d1-ab89-7d160d5cfc7d
EBI,8f630e0f-6bf9-4a04-9754-02533152a954
EBI,c5f46615-68de-4cf4-bbc2-a0ae10f08243
EBI,2caedc30-c816-4b99-a237-b9f3b458c8e5
EBI,77423e58-0fbb-495a-9ec2-bd9a8010f21d
EBI,91674dcf-8641-40e6-978d-c1706feffba8
EBI,645b20c9-5ed0-4500-86b5-7aef770d010a
EBI,9483c664-d546-4b30-9ba3-efbdbf9290b4
EBI,92892ab2-1334-4b1c-9761-14f5a73548ea
EBI,d3ac7c1b-5302-4804-b611-dad9f89c049d
EBI,222a92d5-277b-489c-aad8-a680d1fd2b12
EBI,1dd552a5-eb4f-4b92-8088-7224bcbd0629
EBI,e090445c-6971-4212-bc5f-ae4ec3914102
EBI,c281ab63-7b7d-4bdf-b761-9b1baaa18f82
EBI,1eba4d0b-2d15-4ba7-bb3c-d4654dd94519
EBI,379ed69e-be05-48bc-af5e-a7fc589709bf
EBI,29b54165-34ee-4da5-b257-b4c1f7343656
EBI,92afaa56-d501-481e-a027-dddd72212ba8
EBI,902dc043-7091-445c-9442-d72e163b9879
EBI,6735ff73-1a04-422e-b500-730202e46f8a
EBI,e4b18cd2-8f15-490d-b9f1-d118aa067dc3
EBI,2d4d89f2-ebeb-467c-ae60-a3efc5e8d4ba
EBI,cd9d6360-ce38-4321-97df-f13c79e3cb84
EBI,dc0b65b0-7713-46f0-a339-0b03ea786046
EBI,a62dae2e-cd69-4d5c-b5f8-4f7e8abdbafa
EBI,bcdf233f-9246-4c0c-9843-0514120b7e3a
EBI,2d559a6e-7cd9-432f-9f6e-0e4df03b0888
EBI,6874b7eb-3445-47ec-8773-75141430e169
EBI,457d0bfe-79e4-43f1-be5d-83bf080d809e
EBI,c0518445-3b3b-49c6-b8fc-c41daa4eacba
EBI,279f1766-3319-4e3c-9f99-6fb59ba9b3e5
EBI,6f03e4ad-9305-4bfa-a5b6-929ffb1d94bd
EBI,79351583-b212-44ba-b473-731bdcddb407
EBI,69324a96-a68a-4514-bbb4-f8f3ea4bd0f1
EBI,d8ae869c-39c2-4cdd-b3fc-2d0d8f60e7b8
EBI,cfece4d2-f18d-44ad-a46a-42bbcb5cb3b7
EBI,c715cd2f-dc7c-44a6-9cd5-b6a6d9f075ae
EBI,d7845650-f6b1-4b1c-b2fe-c0795416ba7b
EBI,87f519b4-8862-41f9-acff-75e823e0e430
EBI,769a08d1-b8a4-4f1e-95f7-6071a9827555
EBI,31887183-a72c-4308-9eac-c6140313f39c
EBI,01aacb68-4076-4fd9-9eb9-aba0f48c1b5a
EBI,7f980afc-4e01-4b9c-a9a1-f50e17fce8c2
EBI,cd61771b-661a-4e19-b269-6e5d95350de6
EBI,ef1d9888-fa86-47a4-bb72-0ab0f20f7004
EBI,40272c3b-4697-4bd4-ba3f-82fa96b9bf71
EBI,85a9263b-0887-48ed-ab1a-ddfa773727b6
EBI,b963bd4b-4bc1-4404-8425-69d74bc636b8
EBI,5bd01deb-01ee-4611-8efd-cf0ec5f56ac4
EBI,ef1e3497-515e-4bbe-8d4c-10161854b699
EBI,c0d82ef2-1504-4ef0-9e5e-d8a13e45fdec
EBI,e870ab56-3537-4b6d-a66f-534fbf8cc57f
EBI,3ce9ae94-c469-419a-9637-5d138a4e642f
EBI,58028aa8-0ed2-49ca-b60f-15e2ed5989d5
EBI,9f7aa401-70e3-4695-951a-30541a1434eb
EBI,3cdaf942-f8ad-42e8-a77b-4efedb9ea7b6
EBI,95d058bc-9cec-4c88-8d2c-05b4a45bf24f
EBI,b3938158-4e8d-4fdb-9e13-9e94270dde16
EBI,474a4229-840e-4d63-82af-8d3aa615ee17
EBI,1dddae6e-3753-48af-b20e-fa22abad125d
EBI,c6ef0270-eafc-43bd-8097-c10020a03cfc
EBI,5a54c617-0eed-486e-8c1a-8a8041fc1729
EBI,8f1f653d-3ea1-4d8e-b4a7-b97dc852c2b1
EBI,087efc3c-2601-4de6-bbe9-0114593050d1
EBI,16dc40f9-2c13-42e3-8cdf-251e95bfc043
EBI,111d272b-c25a-49ac-9b25-e062b70d66e0
EBI,c412be53-cf95-47c7-980c-c0a0caa2d3a0
EBI,165dea71-a95a-44e1-88cd-b2d9ad68bb1e
EBI,2f676143-80c2-4bc6-b7b4-2613fe0fadf0
EBI,cdabcf0b-7602-4abf-9afb-3b410e545703
EBI,e925633f-abd9-486a-81c6-1a6a66891d23
EBI,7ac8822c-4ef0-4194-adf0-74290611b1c6
EBI,6072616c-8794-4b20-8f52-fb15992ea5a4
EBI,1538d572-bcb7-426b-8d2c-84f3a7f87bb0
EBI,2184e63d-82d8-4ab2-839e-e93f8395f568
EBI,cbd2911f-252b-4428-abde-69e270aefdfc
EBI,b91c623b-1945-4727-b167-0a93027b0d3f
EBI,dbcd4b1d-31bd-4eb5-94e1-50e8706fa192
EBI,71436067-ac41-4ace-be1b-2fbcc2cb02fa
EBI,10201832-7c73-4033-9b65-3ef13d81656a
EBI,4af795f7-3e1d-4341-b867-4ac0982b9efd
EBI,9746f4e0-d3b2-4543-89b3-10288162851b
EBI,91af6e2f-65f2-44ec-98e0-ba4e98db22c8
EBI,cae461de-ecbd-482f-a5d4-11d607fc12ba
EBI,54aaa409-dc28-48c5-be26-d368b4a5d5c6
EBI,5f607e50-ba22-4598-b1e9-f3d9d7a35dcc
EBI,896f377c-8e88-463e-82b0-b2a5409d6fe4
EBI,8999b456-6fa6-438b-ab17-b62b1d8ec0c3
EBI,b9484e4e-dc40-4e38-9b85-4cecf5b8c068
EBI,10a845f7-0361-46fa-92a3-2a36483136b1
EBI,a29952d9-925e-40f4-8a1c-274f118f1f51
EBI,0efecd20-2b52-4e4f-96c5-9b4b94158713
EBI,85c0d6fa-f117-4d76-b01a-5d5e8f5f9188
EBI,38e44dd0-c3df-418e-9256-d0824748901f
EBI,1662accf-0e0c-48c4-9314-5aba063f2220
EBI,750b455a-e3cf-4721-9581-8609a6c9d561
EBI,3627473e-b6d6-45c9-87b5-b9f12ce57a10
EBI,daf9d982-7ce6-43f6-ab51-272577290606
EBI,074a9f88-729a-455d-bca5-0ce80edf0cea
EBI,8b9cb6ae-6a43-4e47-b9fb-3df7aeec941f
EBI,e0c74c7a-20a4-4505-9cf1-38dcdd23011b
EBI,dc1a41f6-9e09-42a6-959e-3be23db6da56
EBI,a9301beb-e9fa-42fe-b75c-84e8a460c733
EBI,60109425-a6e6-4be1-a3bc-15de680317d4
EBI,f6133d2a-9f3d-4ef9-9c19-c23d6c7e6cc0
EBI,5bb1f67e-2ff0-4848-bbcf-17d133f0fd2d
EBI,52d10a60-c8d1-4d06-8a5e-af0d5c0d5034
EBI,027c51c6-0719-469f-a7f5-640fe57cbece
EBI,894ae6ac-5b48-41a8-a72f-315a9b60a62e
EBI,05be4f37-4506-429b-b112-506444507d62
EBI,a96b71c0-78a7-42d1-88ce-83c78925cfeb
EBI,2ef3655a-973d-4d69-9b41-21fa4041eed7
EBI,50154d1e-2308-44bf-9608-10c7afaa560b
EBI,d7b7beae-652b-4fc0-9bf2-bcda7c7115af
EBI,65858543-530d-48a6-a670-f972b34dfe10
EBI,783c9952-a4ae-4106-a6ce-56f20ce27f88
EBI,ce33dde2-382d-448c-b6ac-bfb424644f23
EBI,eaefa1b6-dae1-4414-953b-17b0427d061e
EBI,da74b507-60ee-4dd1-bd02-807bb051a337
EBI,f4d011ce-d1f5-48a4-ab61-ae14176e3a6e
EBI,1c6a960d-52ac-44ea-b728-a59c7ab9dc8e
EBI,b7259878-436c-4274-bfff-ca76f4cb7892
EBI,1688d7cc-6f5c-49ef-b353-e308b61d4e4c
EBI,6e522b93-9b70-4f0c-9990-b9cff721251b
EBI,a7c66eb1-4a4e-4f6c-9e30-ad2a485f8301
EBI,5116c081-8be7-49c5-8ce0-73b887328aa9
EBI,40ca2a03-ec0f-471f-a834-948199495fe7
EBI,3e92c74d-256c-40cd-9273-16f155da8342
EBI,05657a59-9f9d-4bb9-b77b-24be13aa5cea
EBI,0b299140-25b5-4861-a69f-7651ff3f46cf
EBI,bd7104c9-a950-490e-9472-7d41c6b11c62
EBI,ccd1f1ba-74ce-469b-9fc9-f6faea623358
EBI,f81efc03-9f56-4354-aabb-6ce819c3d414
EBI,45c2c853-d06f-4879-957e-f1366fb5d423
EBI,6f89a7f3-8d4a-4344-aa4f-eccfe7e91076
EBI,c8e6c5d9-fcde-4845-bead-ff96999e3051
EBI,6e60a555-fd95-4aa2-8e29-3ec2ef01a580
EBI,5f44a860-d96e-4a99-b67e-24e1b8ccfd26
EBI,0d4b87ea-6e9e-4569-82e4-1343e0e3259f
EBI,116965f3-f094-4769-9d28-ae675c1b569c
EBI,e9f36305-d857-44a3-93f0-df4e6007dc97
EBI,d012d476-8f8c-4ff3-89d6-ebbe22c1b5c1
EBI,78b2406d-bff2-46fc-8b61-20690e602227
EBI,07d5987e-7f9e-4f34-b0fb-a185a35504f5
EBI,66d7d92a-d6c5-492c-815b-f81c7c93c984
EBI,849ed38c-5917-43c4-a8f9-0782241cf10c
EBI,c6ad8f9b-d26a-4811-b2ba-93d487978446
EBI,8559a8ed-5d8c-4fb6-bde8-ab639cebf03c
EBI,a83b7f45-bfb1-4c6a-97e9-8e3370065cc1
EBI,ede2e0b4-6652-464f-abbc-0b2d964a25a0
EBI,ccc3b786-1da0-427f-a45f-76306d6143b6
EBI,9f17ed7d-9325-4723-a120-b00e48db20c0
EBI,dcc28fb3-7bab-48ce-bc4b-684c00e133ce
EBI,2eb4f5f8-42a5-4368-aa2d-337bacb96197
EBI,da77bd06-43ae-4012-a774-e4d62797df51
EBI,1ebe8c34-454e-4c28-bd71-3a3e8b127be4
EBI,dd7f2436-0c56-4709-bd17-e526bba4cc15
EBI,2253ae59-4cc5-4bd2-b44e-ecb6d3fd7646
EBI,51f02950-ee25-4f4b-8d07-59aa99bb3498
EBI,838d4660-3d62-4b08-b32d-dc5cbd93919d
EBI,2433c1e4-5a12-46a5-b2d5-d3554a7694f2
EBI,8787c238-89ef-4636-a57d-3167e8b54a80
EBI,9e3370a0-144a-49a9-9e92-6f6a9290125a
EBI,3cfcdff5-dee1-4a7b-a591-c09c6e850b11
EBI,6836c1e4-906b-4c34-a11c-cb025167896d
EBI,8bd2e5f6-9453-4b9b-9c56-59e3a40dc87e
EBI,ee166275-f63a-4864-8155-4df86c9de679
EBI,9ac53858-606a-4b89-af49-804ccedaa660
EBI,414acced-eba0-440f-b721-befbc5642bef
EBI,cdc2d270-6c99-4142-8883-9bd95c041d05
EBI,18d4aae2-8363-4e00-8eeb-b9e568402cf8
EBI,7a8d45f1-353b-4508-8e89-65a96785b167
EBI,da2747fa-2921-42e0-afd4-39ef57b2b88b
EBI,73769e0a-5fcd-41f4-9083-41ae08bfa4c1
EBI,79b13a2a-9ca1-42a4-97bd-70208a11bea6
EBI,2086eb05-10b9-432b-b7f0-169ccc49d270
EBI,f598aee0-d269-4036-90e9-d6d5b1c84429
EBI,520afa10-f9d2-4e93-ab7a-26c4c863ce18
EBI,a1312f9a-01ef-40a7-89bf-9091ca76a03a
EBI,996120f9-e84f-409f-a01e-732ab58ca8b9
EBI,a9c022b4-c771-4468-b769-cabcf9738de3
EBI,6936da41-3692-46bb-bca1-cd0f507991e9
EBI,4627f43e-a43f-44dd-8c4b-7efddb3f296d
EBI,403c3e76-6814-4a2d-a580-5dd5de38c7ff
EBI,d138a114-7df5-4f7d-9ff1-f79dfd2d428f
EBI,60ea42e1-af49-42f5-8164-d641fdb696bc
EBI,1eb69a39-b5b2-41ec-afae-5fe37f272756
EBI,30dc3964-1135-4b56-b393-ce2dcbc6e379
EBI,577c946d-6de5-4b55-a854-cd3fde40bff2
EBI,0792db34-8047-4e62-802c-9177c9cd8e28
EBI,63b5b6c1-bbcd-487d-8c2e-0095150c1ecd
EBI,e1fda217-7ee1-4c1a-adfa-648279dafac6
EBI,ec6476ee-2949-41f3-947b-8eef41d6d3ac
EBI,f48e7c39-cc67-4055-9d79-bc437892840c
EBI,90bd6933-40c0-48d4-8d76-778c103bf545
EBI,c5ca43aa-3b2b-4216-8eb3-f57adcbc99a1
EBI,e77fed30-959d-4fad-bc15-a0a5a85c21d2
EBI,e57dc176-ab98-446b-90c2-89e0842152fd
EBI,07518430-7031-4bdf-a3ce-1bf0917a1923
EBI,67a3de09-45b9-49c3-a068-ff4665daa50e
EBI,7adede6a-0ab7-45e6-9b67-ffe7466bec1f
EBI,2973a42c-f810-4812-9a23-5bbc9644588d
EBI,0fd8f918-62d6-4b8b-ac35-4c53dd601f71
EBI,8185730f-4113-40d3-9cc3-929271784c2b
EBI,e5d45579-1f5b-48c3-b568-320d93e7ca72
EBI,84d1697f-d4af-42c2-9a50-37fb5842c586
EBI,3c27d2dd-b180-4b2b-bf05-e2e418393fd1
EBI,56e73ccb-7ae9-4fae-a738-acfb69936d7a
EBI,42d4f8d4-5422-4b78-adae-e7c3c2ef511c
EBI,248fcf03-16c6-4a41-b6cc-aad4d894ca42
EBI,3c9d586e-bd26-4b46-8690-3faaa18ccf38
EBI,504e0cee-1688-40fa-b936-361c4a831f87
EBI,52b29aa4-c8d6-42b4-807a-b35be94469ca
EBI,a991ef15-4d4a-4b80-a93e-c538b4b54127
EBI,a39728aa-70a0-4201-b0a2-81b7badf3e71
EBI,0562d2ae-0b8a-459e-bbc0-6357108e5da9
EBI,8dacb243-e918-4bd2-bb9a-aac6dc424161
EBI,4f17edf6-e9f0-42af-a54a-f02fdca76ade
EBI,46a7e4bf-0474-4a8f-8d18-43afcde90491
EBI,38449aea-70b5-40db-84b3-1e08f32efe34
EBI,091cf39b-01bc-42e5-9437-f419a66c8a45
EBI,c4e11369-78d4-4d29-ba8e-b67907c4c65c
EBI,a2a2f324-cf24-409e-a859-deaee871269c
EBI,e374c1cf-73fd-4a7a-8669-79dc41714984
EBI,dbd836cf-bfc2-41f0-9834-41cc6c0b235a
EBI,16ed4ad8-7319-46b2-8859-6fe1c1d73a82
EBI,2084526b-a66f-4c40-bb89-6fd162f2eb38
EBI,17cf943b-e247-454f-908b-da58665fcc56
EBI,2a64db43-1b55-4639-aabb-8dba0145689d
EBI,f29b124a-8597-4862-ae98-ff3a0fd9033e
EBI,34ec845b-cd7a-4c43-99e4-d2932d5d85bb
EBI,0c3b7785-f74d-4091-8616-a68757e4c2a8
EBI,f2078d5f-2e7d-4844-8552-f7c41a231e52
EBI,c6a50b2a-3dfd-4ca8-9b48-3e682f568a25
EBI,962bd805-eb89-4c54-bad2-008e497d1307
EBI,2af52a13-65cb-4973-b513-39be38f2df3f
EBI,0d4aaaac-02c3-44c4-8ae0-4465f97f83ed
EBI,ae71be1d-ddd8-4feb-9bed-24c3ddb6e1ad
EBI,842605c7-375a-47c5-9e2c-a71c2c00fcad
EBI,7b393e4d-65bc-4c03-b402-aae769299329
EBI,f77290ae-0d7b-4239-b0fe-3cf2c9e8858d
EBI,da9d6f24-3bdf-4eaa-9e3f-f47ce2a65b36
EBI,78d7805b-fdc8-472b-8058-d92cf886f7a4
EBI,d2111fac-3fc4-4f42-9b6d-32cd6a828267
EBI,888f1766-4c84-43bb-8717-b5f9d2046097
EBI,87d52a86-bdc7-440c-b84d-170f7dc346d9
EBI,739ef78a-ba5d-4487-a013-9982db66d222
EBI,8d566d35-d8d3-4975-a351-be5e25e9b2ea
EBI,1ce3b3dc-02f2-44a8-96da-d6d107b27a76
EBI,b51f49b4-0d2e-4cbd-bbd5-04cd171fc2fa
EBI,28dd1438-8f40-40d0-8e53-ee3301b66218
EBI,41fb1734-a121-4616-95c7-3b732c9433c7
EBI,8b954fb2-bccb-44c5-84e3-9f91e9189c40
EBI,e993adcd-d4ba-4f88-9a05-d1c05bdf0c45
EBI,4c73d1e4-bad2-4a22-a0ba-55abbdbdcc3d
EBI,99101928-d9b1-4aaf-b759-e97958ac7403
EBI,a004b150-1c36-4af6-9bbd-070c06dbc17d